corridoio_16_1_0;corridoio_24_1_0,corridoio_11_4_0
corridoio_24_1_0;corridoio_16_1_0,corridoio_29_4_0
corridoio_11_4_0;corridoio_11_12_0,corridoio_16_7_0,corridoio_16_1_0
corridoio_29_4_0;corridoio_29_12_0,ufficio_33_4_0,corridoio_24_1_0,corridoio_24_7_0
corridoio_16_7_0;scala_20_10_0,corridoio_24_7_0,ascensore_20_4_0,corridoio_11_4_0
corridoio_24_7_0;scala_20_10_0,corridoio_29_4_0,ascensore_20_4_0,corridoio_16_7_0
corridoio_11_12_0;corridoio_11_20_0,corridoio_11_4_0,sala_consiliare_5_12_0
corridoio_29_12_0;corridoio_29_20_0,ufficio_33_16_0,corridoio_29_4_0
corridoio_11_20_0;corridoio_11_28_0,corridoio_11_12_0,sala_consiliare_5_12_0
corridoio_29_20_0;corridoio_29_28_0,ufficio_33_16_0,corridoio_29_12_0
corridoio_11_28_0;corridoio_16_31_0,corridoio_16_25_0,corridoio_11_20_0,area_relax_5_28_0
corridoio_29_28_0;ufficio_33_28_0,corridoio_29_20_0,corridoio_24_25_0,corridoio_24_31_0
corridoio_16_25_0;ascensore_20_28_0,corridoio_24_25_0,scala_20_22_0,corridoio_11_28_0
corridoio_24_25_0;ascensore_20_28_0,corridoio_29_28_0,scala_20_22_0,corridoio_16_25_0
corridoio_16_31_0;bagno_20_34_0,corridoio_24_31_0,corridoio_11_28_0
corridoio_24_31_0;bagno_20_34_0,corridoio_29_28_0,corridoio_16_31_0
ufficio_33_4_0;corridoio_29_4_0
ufficio_33_16_0;corridoio_29_12_0,corridoio_29_20_0
ufficio_33_28_0;corridoio_29_28_0
salaConsiliare_5_12_0;corridoio_11_12_0,corridoio_11_20_0
areaRelax_5_28_0;corridoio_11_28_0
scala_20_10_0;corridoio_16_7_0,corridoio_24_7_0,scala_20_10_1
scala_20_22_0;corridoio_16_25_0,corridoio_24_25_0,scala_20_22_1
ascensore_20_4_0;corridoio_16_7_0,corridoio_24_7_0,ascensore_20_4_1
ascensore_20_28_0;corridoio_16_25_0,corridoio_24_25_0,ascensore_20_28_1
bagno_20_34_0;corridoio_16_31_0,corridoio_24_31_0
ascensore_20_4_1;corridoio_16_7_1,corridoio_24_7_1,ascensore_20_4_0
corridoio_16_7_1;scala_20_10_1,corridoio_24_7_1,ascensore_20_4_1,corridoio_11_4_1
corridoio_24_7_1;scala_20_10_1,corridoio_29_4_1,ascensore_20_4_1,corridoio_16_7_1
scala_20_10_1;corridoio_16_7_1,corridoio_24_7_1,scala_20_10_0
scala_20_22_1;corridoio_16_25_1,corridoio_24_25_1,scala_20_22_0
ascensore_20_28_1;corridoio_16_25_1,corridoio_24_25_1,ascensore_20_28_0
corridoio_16_25_1;ascensore_20_28_1,corridoio_24_25_1,scala_20_22_1,corridoio_11_28_1
corridoio_24_25_1;ascensore_20_28_1,corridoio_29_28_1,scala_20_22_1,corridoio_16_25_1
corridoio_16_1_1;corridoio_24_1_1,corridoio_11_4_1
corridoio_24_1_1;corridoio_16_1_1,corridoio_29_4_1
corridoio_11_4_1;corridoio_11_12_1,corridoio_16_7_1,corridoio_16_1_1,ufficio_5_4_1
corridoio_29_4_1;corridoio_29_12_1,ufficio_33_4_1,corridoio_24_1_1,corridoio_24_7_1
corridoio_11_12_1;corridoio_11_20_1,corridoio_11_4_1,ufficio_5_12_1
corridoio_29_12_1;corridoio_29_20_1,ufficio_33_12_1,corridoio_29_4_1
corridoio_11_20_1;corridoio_11_28_1,corridoio_11_12_1,ufficio_5_20_1
corridoio_29_20_1;corridoio_29_28_1,corridoio_33_17_1,corridoio_29_12_1
corridoio_11_28_1;corridoio_16_31_1,corridoio_16_25_1,corridoio_11_20_1,bagno_5_28_1
corridoio_29_28_1;ufficio_33_28_1,corridoio_29_20_1,corridoio_24_25_1,corridoio_24_31_1
corridoio_16_31_1;ufficio_16_34_1,corridoio_24_31_1,corridoio_11_28_1
corridoio_24_31_1;ufficio_24_34_1,corridoio_29_28_1,corridoio_16_31_1
ufficio_33_4_1;corridoio_29_4_1
ufficio_33_12_1;corridoio_29_12_1
ufficio_33_28_1;corridoio_29_28_1
ufficio_5_4_1;corridoio_11_4_1
ufficio_5_12_1;corridoio_11_12_1
ufficio_5_20_1;corridoio_11_20_1
bagno_5_28_1;corridoio_11_28_1
ufficio_16_34_1;corridoio_16_31_1
ufficio_24_34_1;corridoio_24_31_1
corridoio_33_17_1;corridoio_40_17_1,corridoio_29_20_1
corridoio_40_17_1;corridoio_48_17_1,corridoio_33_17_1,ufficio_40_21_1,ufficio_40_12_1
corridoio_48_17_1;corridoio_45_21_1,corridoio_45_12_1,corridoio_40_17_1
corridoio_45_12_1;corridoio_48_17_1,corridoio_45_4_1,ufficio_49_12_1
corridoio_45_4_1;corridoio_45_12_1,ufficio_49_4_1,ufficio_40_4_1
corridoio_45_21_1;corridoio_45_28_1,bagno_47_25_1,corridoio_48_17_1
corridoio_45_28_1;bagno_47_25_1,corridoio_45_21_1,ufficio_40_28_1
ufficio_40_4_1;corridoio_45_4_1
ufficio_49_4_1;corridoio_45_4_1
ufficio_40_12_1;corridoio_40_17_1
ufficio_49_12_1;corridoio_45_12_1
ufficio_40_21_1;corridoio_40_17_1
bagno_47_25_1;corridoio_45_21_1,corridoio_45_28_1
ufficio_40_28_1;corridoio_45_28_1